rule_id,milestone_family,milestone_name,metric_name,threshold,lead_days,recognition_window_days,reward_type,reward_budget_usd,action_owner,priority_weight,recommended_action,talking_point,is_active
LIFETIME_VALUE_10000,LIFETIME_VALUE,Appreciation Level 1,lifetime_theo_win,10000,0,7,NonGaming,50,Casino Host,40,Hand-deliver a personalized thank-you card with a dining credit for the guest's favorite outlet.,"{first_name}, thank you for making Phoebus a part of your story - dinner tonight is on us.",1
LIFETIME_VALUE_25000,LIFETIME_VALUE,Appreciation Level 2,lifetime_theo_win,25000,0,7,NonGaming,100,Casino Host,50,Host stops by in person with a thank-you card and a dining credit; ask what they enjoyed most this visit.,"{first_name}, we are so glad you keep choosing us - please enjoy dinner with our compliments.",1
LIFETIME_VALUE_50000,LIFETIME_VALUE,Appreciation Level 3,lifetime_theo_win,50000,0,10,Experience,250,Casino Host,60,Invite the guest to a complimentary show for two plus dinner; handwritten note from the property GM.,"{first_name}, you are one of our most valued guests - we would love to treat you to a show and dinner.",1
LIFETIME_VALUE_100000,LIFETIME_VALUE,Appreciation Level 4,lifetime_theo_win,100000,0,10,Experience,500,Casino Host,70,Suite upgrade for the next stay plus a chef's table dinner; host escorts the guest personally.,"{first_name}, it is our privilege to host you - your suite upgrade and chef's table dinner are ready.",1
LIFETIME_VALUE_250000,LIFETIME_VALUE,Appreciation Level 5,lifetime_theo_win,250000,0,14,Experience,1000,Casino Host,85,Private dinner with the property General Manager; arrange a personalized keepsake.,"{first_name}, the entire Phoebus family wants to say thank you - our GM would like to host you for dinner.",1
LIFETIME_VALUE_1000000,LIFETIME_VALUE,Phoebus Legend,lifetime_theo_win,1000000,0,14,Experience,2500,Casino Host,95,"Executive-level recognition: private dinner with leadership, commemorative keepsake, and a standing welcome amenity.","{first_name}, you are a true Phoebus Legend - thank you for everything.",1
VISIT_COUNT_10,VISIT_COUNT,10th Visit,lifetime_visit_days,10,0,14,PersonalNote,0,Floor Supervisor,35,Floor supervisor or attendant welcomes the guest by name and delivers a handwritten 'happy 10th visit' card.,"{first_name}, this is your 10th visit with us - thank you for coming back!",1
VISIT_COUNT_25,VISIT_COUNT,25th Visit,lifetime_visit_days,25,0,14,GamingOffer,25,Casino Host,45,Host delivers a thank-you card with a small free-play voucher (or dining credit if the guest prefers).,"{first_name}, 25 visits! We are grateful you are part of the Phoebus community.",1
VISIT_COUNT_50,VISIT_COUNT,50th Visit,lifetime_visit_days,50,0,14,NonGaming,75,Casino Host,55,Surprise dinner credit and a card signed by the host team; ask about the guest's favorite part of the property.,"{first_name}, your 50th visit - dinner is on us tonight as a thank-you.",1
VISIT_COUNT_100,VISIT_COUNT,100th Visit,lifetime_visit_days,100,0,14,Experience,200,Casino Host,70,"Celebrate on the floor: champagne-style toast (non-alcoholic option available), photo keepsake, chef's tasting.","{first_name}, 100 visits is extraordinary - we would love to celebrate with you.",1
VISIT_COUNT_250,VISIT_COUNT,250th Visit,lifetime_visit_days,250,0,14,Experience,500,Casino Host,85,Property leadership greets the guest personally; commemorative gift and private dining.,"{first_name}, 250 visits - you are part of the Phoebus family.",1
HOTEL_NIGHTS_10,HOTEL_NIGHTS,10 Nights,lifetime_hotel_nights,10,0,10,PersonalNote,0,Front Desk Manager,30,Place a welcome amenity and handwritten note in the room before arrival.,"{first_name}, welcome back - this is your 10th night with us.",1
HOTEL_NIGHTS_25,HOTEL_NIGHTS,25 Nights,lifetime_hotel_nights,25,0,10,Experience,75,Front Desk Manager,45,Complimentary room upgrade (subject to availability) and an in-room amenity.,"{first_name}, we have upgraded your room as a thank-you for 25 nights with us.",1
HOTEL_NIGHTS_50,HOTEL_NIGHTS,50 Nights,lifetime_hotel_nights,50,0,10,Experience,150,Front Desk Manager,60,"Suite upgrade, late checkout and a spa credit.","{first_name}, 50 nights - enjoy your suite and a little spa time on us.",1
HOTEL_NIGHTS_100,HOTEL_NIGHTS,100 Nights,lifetime_hotel_nights,100,0,10,Experience,300,Front Desk Manager,75,"Best available suite, personal welcome from the hotel manager, and a dining credit.","{first_name}, 100 nights with Phoebus - thank you for calling us home.",1
DINING_2500,DINING,Dining Regular,lifetime_dining_spend,2500,0,10,PersonalNote,0,F&B Manager,30,Chef or restaurant manager visits the table and sends a complimentary dessert.,"{first_name}, thank you for dining with us so often - a little something sweet is on the house.",1
DINING_10000,DINING,Dining Devotee,lifetime_dining_spend,10000,0,10,Experience,150,F&B Manager,50,Invite the guest to a chef's tasting or a private wine pairing.,"{first_name}, you have become part of our dining family - we would love to host you for a tasting.",1
VISIT_STREAK_3,VISIT_STREAK,3-Month Streak,consecutive_visit_months,3,0,14,PersonalNote,0,Floor Supervisor,30,Thank the guest by name for visiting three months in a row; small welcome-back card.,"{first_name}, three months in a row - we love seeing you.",1
VISIT_STREAK_6,VISIT_STREAK,6-Month Streak,consecutive_visit_months,6,0,14,NonGaming,50,Casino Host,45,Host delivers a dining credit and card marking six straight months.,"{first_name}, six months straight - thank you for your loyalty.",1
VISIT_STREAK_12,VISIT_STREAK,12-Month Streak,consecutive_visit_months,12,0,14,Experience,150,Casino Host,65,Anniversary-style celebration for a full year of monthly visits: dinner and a show.,"{first_name}, a full year of visits every month - thank you.",1
VISIT_STREAK_24,VISIT_STREAK,24-Month Streak,consecutive_visit_months,24,0,14,Experience,300,Casino Host,80,Leadership thank-you and a premium experience of the guest's choice.,"{first_name}, two years of monthly visits - you inspire us.",1
COMEBACK_180,COMEBACK,Welcome Back (6 mo.),days_since_prior_visit,180,0,3,GamingOffer,50,Guest Services,55,Greet the guest by name and say they were missed; offer a small welcome-back voucher (free play or dining).,"{first_name}, we have missed you - welcome back to Phoebus!",1
COMEBACK_365,COMEBACK,Welcome Back (1 yr.),days_since_prior_visit,365,0,3,GamingOffer,75,Casino Host,60,"Host greets the guest personally, asks what is new, and offers a welcome-back voucher.","{first_name}, it has been too long - we are so happy to see you again.",1
BIG_WIN_5000,BIG_WIN,Big Win Celebration,daily_jackpot_total,5000,0,3,PersonalNote,0,Slot Supervisor,65,Congratulate the guest at the machine; offer a keepsake photo and a congratulatory card.,Congratulations {first_name}! What a moment - we are thrilled for you.,1
BIG_WIN_25000,BIG_WIN,Major Jackpot Celebration,daily_jackpot_total,25000,0,3,Experience,100,Casino Host,75,Host and supervisor celebrate in person; complimentary dinner and a keepsake photo.,Congratulations {first_name}! Please let us celebrate with you at dinner.,1
BIG_WIN_100000,BIG_WIN,Mega Jackpot Celebration,daily_jackpot_total,100000,0,5,Experience,250,Casino Host,85,Property leadership joins the celebration; arrange a private dinner and press-quality photo (with consent).,Congratulations {first_name}! This is a Phoebus moment we will all remember.,1
TIER_UPGRADE_2,TIER_UPGRADE,Welcome to Gold,tier_level,2,0,7,PersonalNote,0,Casino Host,45,Present the new Gold card in person and explain the benefits.,"{first_name}, welcome to Gold - here is your new card.",1
TIER_UPGRADE_3,TIER_UPGRADE,Welcome to Platinum,tier_level,3,0,7,Experience,75,Casino Host,55,Present the Platinum card with a welcome dining credit; introduce the dedicated host line.,"{first_name}, welcome to Platinum - we are delighted to have you.",1
TIER_UPGRADE_4,TIER_UPGRADE,Welcome to Diamond,tier_level,4,0,10,Experience,200,Casino Host,70,Personal Diamond welcome with a dinner invitation; assign a named host.,"{first_name}, welcome to Diamond - your personal host is ready to help with anything.",1
TIER_UPGRADE_5,TIER_UPGRADE,Welcome to Noir,tier_level,5,0,14,Experience,500,Casino Host,85,Leadership welcome and concierge introduction; private dinner invitation.,"{first_name}, welcome to Noir - the highest honor we offer.",1
TENURE_1,TENURE,1-Year Member Anniversary,membership_years,1,3,3,PersonalNote,0,Casino Host,35,Celebrate 1 years as a Phoebus Rewards member with a personal note.,"{first_name}, happy anniversary - 1 year with Phoebus Rewards!",1
TENURE_5,TENURE,5-Year Member Anniversary,membership_years,5,3,3,NonGaming,75,Casino Host,50,Celebrate 5 years as a Phoebus Rewards member with a personal note and a thank-you gift.,"{first_name}, happy anniversary - 5 years with Phoebus Rewards!",1
TENURE_10,TENURE,10-Year Member Anniversary,membership_years,10,3,3,Experience,200,Casino Host,65,Celebrate 10 years as a Phoebus Rewards member with a personal note and a thank-you gift.,"{first_name}, happy anniversary - 10 years with Phoebus Rewards!",1
TENURE_15,TENURE,15-Year Member Anniversary,membership_years,15,3,3,Experience,300,Casino Host,75,Celebrate 15 years as a Phoebus Rewards member with a personal note and a thank-you gift.,"{first_name}, happy anniversary - 15 years with Phoebus Rewards!",1
TENURE_20,TENURE,20-Year Member Anniversary,membership_years,20,3,3,Experience,500,Casino Host,85,Celebrate 20 years as a Phoebus Rewards member with a personal note and a thank-you gift.,"{first_name}, happy anniversary - 20 years with Phoebus Rewards!",1
BIRTHDAY_1,BIRTHDAY,Birthday,birthday,1,3,3,NonGaming,50,Casino Host,60,Birthday card and a dessert or dinner credit; sing along if the guest is up for it.,"Happy birthday, {first_name}! Dessert is on us.",1
BIRTHDAY_MILESTONE_30,BIRTHDAY_MILESTONE,30th Birthday,age_at_birthday,30,3,3,Experience,100,Guest Services,65,Make the 30th birthday special: cake at the guest's favorite outlet and a signed card from the team.,"Happy milestone birthday, {first_name}! We would love to celebrate with you.",1
BIRTHDAY_MILESTONE_40,BIRTHDAY_MILESTONE,40th Birthday,age_at_birthday,40,3,3,Experience,100,Guest Services,70,Make the 40th birthday special: cake at the guest's favorite outlet and a signed card from the team.,"Happy milestone birthday, {first_name}! We would love to celebrate with you.",1
BIRTHDAY_MILESTONE_50,BIRTHDAY_MILESTONE,50th Birthday,age_at_birthday,50,3,3,Experience,100,Guest Services,75,Make the 50th birthday special: cake at the guest's favorite outlet and a signed card from the team.,"Happy milestone birthday, {first_name}! We would love to celebrate with you.",1
BIRTHDAY_MILESTONE_60,BIRTHDAY_MILESTONE,60th Birthday,age_at_birthday,60,3,3,Experience,100,Guest Services,75,Make the 60th birthday special: cake at the guest's favorite outlet and a signed card from the team.,"Happy milestone birthday, {first_name}! We would love to celebrate with you.",1
BIRTHDAY_MILESTONE_70,BIRTHDAY_MILESTONE,70th Birthday,age_at_birthday,70,3,3,Experience,100,Guest Services,80,Make the 70th birthday special: cake at the guest's favorite outlet and a signed card from the team.,"Happy milestone birthday, {first_name}! We would love to celebrate with you.",1
BIRTHDAY_MILESTONE_80,BIRTHDAY_MILESTONE,80th Birthday,age_at_birthday,80,3,3,Experience,100,Guest Services,85,Make the 80th birthday special: cake at the guest's favorite outlet and a signed card from the team.,"Happy milestone birthday, {first_name}! We would love to celebrate with you.",1
